timestamp,groupnumber,module
2025-06-28 21:55:09.380778,52,2 - Research Questions
2025-06-28 22:14:38.231235,51,2 - Research Questions
2025-06-28 22:17:14.290964,46,2 - Research Questions
2025-06-28 22:34:22.794812,72,2 - Research Questions
2025-06-28 22:41:23.757279,6,2 - Research Questions
2025-06-28 23:08:38.277905,5,2 - Research Questions
2025-06-28 23:19:59.248359,11,2 - Research Questions
2025-06-28 23:30:15.908865,10,2 - Research Questions
2025-06-29T16:35:44.727673,2 - Research Questions,26
2025-07-03T18:11:58.406622,3 - Study Design,33
2025-07-15T12:01:05.013270,2 - Research Questions,1
2025-07-15T15:19:47.134025,2 - Research Questions,42
2025-07-15T15:46:35.688457,2 - Research Questions,101
2025-07-15T16:01:46.403555,2 - Research Questions,205
2025-07-15T16:12:15.551541,2 - Research Questions,55
2025-07-16T20:06:59.668245,2 - Research Questions,252
2025-07-16T20:16:44.760380,2 - Research Questions,300
2025-07-26T18:24:53.708320,4 - Human Research Ethics,1
2025-07-26T18:38:50.452212,4 - Human Research Ethics,2
2025-07-26T18:47:59.960032,4 - Human Research Ethics,3
2025-07-26T21:18:19.265456,4 - Human Research Ethics,12
2025-07-26T21:21:08.256884,4 - Human Research Ethics,100
2025-07-26T21:32:55.104617,4 - Human Research Ethics,10
2025-07-26T21:50:55.951167,3 - Study Design,55
